{"val_loss": [222.21187756994036, 206.892821770774, 194.40642569833332, 185.38732318517896, 183.71031985929278, 189.92203009812036, 179.29347895415623, 215.39643479130004, 190.83071562835906, 180.10760330073037, 175.61324523040983, 172.59157857926687, 172.36393459833994, 169.54798596631156, 170.8864338654942, 167.84414508888457, 174.29101022460725, 172.70953954325782, 166.2729134317504, 166.71265547529856], "val_mae_wrap_angle": [8.766833031906023, 8.363201949669255, 8.042808675719632, 7.691098566512267, 7.546370720863342, 7.958705350028144, 7.489894631491767, 8.2474180639916, 7.8127344023717775, 7.649919102999899, 7.3581527347564695, 7.2612189147207475, 7.254908732420868, 7.182192024747531, 7.306268844273355, 7.122463680101766, 7.443172580328253, 7.416775882184505, 7.1253669819633165, 7.08185806586345], "val_mean_absolute_error": [18.150532258980803, 21.902815119385718, 17.515205918172995, 16.418896617412567, 17.554764724777804, 18.64505170677768, 16.12459984689951, 28.510466983185875, 16.50678984768523, 16.58217967618174, 17.163925428562695, 18.08191164527337, 17.397896469049982, 16.180588088836934, 16.379974711881744, 16.028460000435512, 16.450696216980617, 16.69701465794775, 16.232257143716016, 16.516435643355052], "val_mean_squared_error": [3642.233501867612, 5135.281523920907, 3636.2268317731223, 3372.2316246768105, 3826.693240216467, 4085.4225116007065, 3329.678659250895, 183114.7252335651, 4059.4030985371273, 3442.3391510723964, 3859.21479497438, 4537.127768605974, 3861.6462051653334, 3444.3348607156013, 3469.503190906207, 3417.1508049609924, 5739.094971544372, 3564.3670342324576, 3485.827999197006, 3605.6457020371754], "loss": [283.4460714249346, 213.41294668915538, 198.59460614571307, 191.963324089196, 189.23908600897258, 185.4645172792673, 182.29143687645595, 200.26012362579505, 284.3089701076084, 184.23066255891322, 177.40729625134998, 174.2616327569882, 172.95526184823777, 171.34573968035644, 170.1803956247833, 169.03062138613066, 169.71006668798128, 171.05331218569808, 167.65173905728923, 168.04847517049313], "mae_wrap_angle": [10.111457893936171, 8.502925059967572, 8.09687246433066, 7.893384750444028, 7.787098429689805, 7.679144080908762, 7.581392091274261, 7.830682487151689, 9.111606500377258, 7.65501723284026, 7.432908490904503, 7.3326248843007615, 7.2829128472208975, 7.237510333708591, 7.2026023567401705, 7.169398104914361, 7.174023531173666, 7.2062301045225725, 7.1164909204112154, 7.123546826952033], "mean_absolute_error": [19.360813932804597, 19.330749643938407, 19.322272674355244, 17.313728359520436, 17.073057307961914, 17.41048494040966, 17.001024020075796, 32.12635744179123, 153.35007027115591, 16.561915536464916, 16.882686936645044, 17.100102217694122, 18.41236110858785, 16.577828205625217, 16.215366909884743, 15.969635937530134, 16.079214376353555, 16.973033623183767, 16.257885819522873, 16.533312599728504], "mean_squared_error": [3687.6915740574996, 4179.743748682578, 4298.103796109755, 3650.1533484554557, 3749.9586561689907, 3816.2134266317553, 3657.115676716301, 441402.324928756, 6107244.119664785, 3612.1852536675137, 3684.847773735364, 3828.7244480699965, 4773.028770044605, 3571.0485176855987, 3452.0303281579017, 3371.9296964239543, 5975.640969812579, 21046.796518716164, 3499.943043568889, 6707.874385736876]}