{"val_loss": [350.6112109952032, 302.36444846278727, 282.0594664308173, 268.84453791969617, 258.6182008163621, 245.7770087587811, 242.64247915191746, 236.33819185283687, 230.37196431801274, 221.7754237756049, 219.81771725477273, 215.59556370224323, 207.98416329507324, 210.00882507911464, 208.00747455979112, 200.40846068608263, 198.4294510382385, 195.55336348328774, 192.19503879926114, 190.22199148893407, 190.8207932843047, 190.4024265068292, 192.64937740119274, 186.81228167899505, 194.60312654662397, 186.22653611547602, 184.41491540917988, 184.65519987551943, 177.7887247129854, 177.8353784844806, 177.03209567553725, 176.2991825080621, 174.31444395089642, 173.27112591952317, 173.672609869792, 173.486817563186, 179.10716875336007, 171.6631958464204, 170.6900030892904, 169.70982766645122, 169.43914948275736, 170.96049852337305, 174.0940260002489, 167.84882476174715, 169.59686170784258, 168.42795441784486, 170.76584353164708, 168.42070484620163, 165.62200644644102, 166.68893938956214, 166.21057739608884, 163.7766343184381, 163.42772725784886, 164.61670915084613, 166.07688677368293, 163.58822224434886, 162.3519694989158, 163.8764790828396, 162.5809495978165, 162.8053585244781, 162.42275545861875, 163.88496245252765, 165.18380626557985, 162.24560188464204, 166.923251618204, 160.24622812213272, 165.0609701524043, 162.60854461676306, 161.45626315779327, 161.85861246587342, 161.66114574465087, 163.10901928606253, 160.15139333584946, 162.8742141835337, 163.11706994094004, 161.90104191294776, 159.76091180070128, 160.4430978468237, 159.7723493242932, 162.079980848225, 167.0331733973299, 158.95505452031398, 159.33099084059032, 161.58099747581778, 158.24992723271478, 157.26601648959024, 157.8782739118661, 158.06312657419895, 159.17454898230227, 158.8118547935462, 162.91018100204738, 157.8275849805719, 157.389493545312, 156.89764530203428, 156.61448840979278, 160.9889650949248, 160.41565090451522, 156.43662675587458, 158.37839589919835, 157.9536150764955], "val_mae_wrap_angle": [12.079159644477365, 11.155230068158115, 10.5806975756647, 10.309409464485249, 10.039044965438029, 9.686250758255857, 9.651272036096238, 9.475908774108824, 9.267881045354457, 9.022620776387294, 9.067599346038811, 8.857214034837899, 8.66603642890354, 8.695577413012009, 8.620661786399959, 8.407278903381917, 8.4197871747363, 8.264336041041783, 8.170568295737935, 8.077553385547255, 8.14216362554841, 8.125074786836695, 8.246288449064604, 7.990217125283652, 8.195073216611235, 7.951080096164425, 7.916060163345928, 7.983964567876615, 7.712998367856921, 7.704757912242245, 7.698498722400358, 7.74206968950592, 7.595933145420543, 7.561788417035829, 7.573547037942867, 7.6401360028459795, 7.699445390571637, 7.483924765687586, 7.470314422528431, 7.413944454528227, 7.474121321746181, 7.575263713049954, 7.647722061945538, 7.3812084657780375, 7.508069698841994, 7.459077149299218, 7.5629065681566034, 7.452814244296455, 7.317148714578194, 7.3926161354342605, 7.319666764646912, 7.296715371355904, 7.263116103389527, 7.259373689989395, 7.358922656274096, 7.310511270095005, 7.2391407855308545, 7.2475923793731285, 7.279054950605599, 7.259485217124142, 7.272204067088201, 7.378921634755457, 7.338036897316609, 7.208500665143254, 7.459010520157917, 7.164511241067082, 7.392248665730441, 7.2575139292262385, 7.3122602183308665, 7.2515480350286134, 7.284754309288205, 7.292251693830907, 7.19599175308569, 7.263827025204666, 7.261731399200222, 7.238317492915307, 7.172635484654343, 7.256977085088791, 7.216690700988195, 7.219290418969964, 7.233983801638474, 7.136732908203821, 7.171659073054704, 7.273951202923971, 7.129341670744241, 7.078534282966778, 7.088110549358662, 7.112464667613275, 7.140675349356215, 7.147033713946555, 7.219285094570949, 7.103847574973251, 7.065328809462489, 7.084656347367734, 7.052978208737751, 7.188076910028097, 7.289753285244254, 7.022785751472031, 7.087253988948583, 7.134339376564082], "loss": [590.4463749696819, 325.12830065678617, 292.0442875705295, 276.34662331415313, 264.66038300876994, 252.7140756971571, 244.73488739931193, 237.74313335503473, 231.92249909683926, 227.37093143478094, 220.92759298726, 215.70903083272697, 211.71029128689236, 208.3711550300947, 204.946249742296, 202.43369308651194, 199.4980349599801, 196.57250168584687, 193.98366337954454, 191.87369606407015, 190.01580824748518, 190.39291731212342, 188.90996893829146, 187.0696057583678, 185.49070373654834, 185.6756234250536, 183.81948677212586, 181.01253156754237, 179.2877623650046, 178.85996416079453, 177.8493293999566, 176.27335827915965, 175.5531318323472, 174.72861224205664, 174.28692047717524, 173.81652780610128, 172.51421868178423, 175.15375282636654, 171.90188849435444, 170.93088859647864, 170.34705531340956, 170.19408121744792, 169.80113060206992, 168.9737632621815, 168.37247698136872, 167.33147585161996, 167.6664431970135, 166.88058935866013, 166.78098296640434, 166.94628154799517, 166.37066055437475, 165.6428690680211, 167.10926308785233, 165.61490664413552, 165.25427162120545, 164.49999355859694, 164.67495172916986, 164.66741233516518, 163.77395314494612, 163.57291923453138, 163.76490346193003, 163.36525966230406, 164.00725409095116, 164.06538652766608, 163.21572197927836, 162.2848598110224, 162.35301315167993, 162.13221026611328, 162.89311605575662, 163.61643097961027, 163.20516391809002, 161.69781031948912, 161.28287890026616, 162.84301411108876, 161.32699222699333, 161.53056415672552, 161.42045998128256, 160.7303244960012, 160.4469100577161, 160.5455571739845, 162.33899370061337, 162.77286443493412, 160.2996065494313, 160.44575220324947, 159.91787628094045, 159.53594087009805, 159.2199990748985, 158.95811157984517, 160.3669136404399, 159.68432251056348, 159.397523354923, 160.04521659502018, 158.68801599559907, 158.14653137925092, 158.31515731392653, 158.24741645045063, 158.02439575195314, 158.9141765846801, 158.5641382653729, 157.7190983025046], "mae_wrap_angle": [15.443998407151964, 11.567162575665643, 10.875968545103385, 10.503915940527822, 10.210751549963858, 9.91133415242114, 9.683311389997893, 9.497977655248704, 9.34825117427851, 9.212433999903062, 9.048869254517399, 8.914669260212019, 8.799498470281463, 8.695181523017634, 8.590507334316477, 8.506387316660165, 8.412573520959592, 8.322776557124518, 8.249411438013214, 8.183170919380936, 8.12404905498729, 8.105550757289713, 8.06374692757301, 8.014641804888358, 7.956976140090843, 7.934092088163289, 7.888971288868025, 7.819648363275466, 7.775405807295656, 7.752628582474453, 7.72672434017705, 7.688082112156488, 7.66401092943179, 7.640898227816313, 7.619687528148975, 7.605505027596467, 7.570088599859499, 7.623284388324015, 7.53693524967767, 7.51205330573188, 7.495388164694792, 7.479030088861005, 7.462357515173021, 7.445646026860655, 7.432822366801742, 7.407386723661735, 7.407435535480774, 7.389595705717997, 7.385926888609244, 7.3849019382202545, 7.375897256439807, 7.354917907515382, 7.371062110053169, 7.3477940057492726, 7.342096861371807, 7.327951197131786, 7.326075534845489, 7.323762664371067, 7.3050067940506285, 7.298321909661387, 7.294642209620258, 7.2867942500394935, 7.294828119764141, 7.295747622595893, 7.2794712763268965, 7.263104165769091, 7.2621872810164305, 7.258414581523222, 7.262787724787893, 7.275935271618413, 7.2664327969270595, 7.243043591393365, 7.232775809094797, 7.250156726438235, 7.227576841267106, 7.230747532439388, 7.228880615134645, 7.215878848730349, 7.208593367483101, 7.210408528795429, 7.229909357731638, 7.240075463313683, 7.201951983832067, 7.200232321545968, 7.19039630528369, 7.179129672231237, 7.16776102130865, 7.163504974689359, 7.180668581295636, 7.179473840152516, 7.163844482421875, 7.1822648933759705, 7.149284532733992, 7.139375024758134, 7.1385433387507025, 7.13509031816869, 7.129176482655644, 7.139366293963264, 7.132149131226384, 7.117581427056805]}