{"val_loss": [13.040503583484226, 10.952477893829347, 9.801310796207853, 9.171228391329448, 8.506898557080163, 8.370447222656674, 8.130093060864343, 7.634727591938443, 7.888325827916463, 7.313706965181563, 7.097027391327752, 7.280463834338718, 6.917352319293552, 6.861723789374033, 6.759939621554481, 6.7288559767935014, 6.644396371046702, 6.63797622707155, 6.7820959104432, 6.460245274437798, 6.51016650862164, 6.4330039313104415, 6.414232965840234, 6.356434831089444, 6.447422483497196, 6.330509449905819, 6.354859982066684, 6.317691813309987, 6.275983128547669, 6.421616250144111, 6.318591923183865, 6.20231218179067, 6.350677314864265, 6.533976738188002, 6.154635412163205, 6.177645888593462, 6.144991840256585, 6.098326667414772, 6.069812972810533, 6.066982115639581, 6.095422454145219, 6.0384523359934485, 6.060208353996277, 6.037919426229265, 6.027062799665663, 5.988219932185279, 6.031612015035417, 5.991813838481903, 6.07937306880951, 5.981299615965949, 6.0073303778966265, 6.0542485666275025, 6.017105597654979, 6.005959779156579, 5.945740870634714, 5.90868670463562, 5.896144620577494, 5.939091489050123, 5.902687156730228, 6.01464104546441, 5.921356421311696, 5.8588124338785805, 6.012719706429375, 5.899284262392256, 5.9181720934973825, 5.892043910821279, 5.849651713371276, 5.99445885737737, 5.92420827627182, 5.89942035039266, 5.960142868094974, 5.888226186964247, 5.864634685781267, 5.927564740445879, 5.918788487646315, 5.86595461845398, 5.912077315383487, 5.877406648264991, 5.920164051850636, 5.817343682977889, 5.841175632476807, 5.840975488821665, 5.906414805783166, 5.902945167223613, 5.975728833410475, 5.858373423417409, 5.847335777017805, 5.843979503048791, 5.773259967168173, 5.776944569746653, 5.925302012496524, 5.796794057157305, 5.777931465307872, 5.822546751234267, 5.910065948698255, 5.924674288431803, 5.931278110875024, 5.794992936982049, 5.920641603204939, 5.884933174981011, 5.827716790305244, 5.803092021412319, 5.947745546499888, 5.795903558995988, 5.7839529201719495, 5.825935240056779, 5.807751739025116, 5.809970670806037, 5.783594280083975], "val_mse_wrap_angle": [547.8332241143121, 381.4531061214871, 296.36791526794434, 253.21609965854222, 220.6997500737508, 207.11676063113742, 191.2590891181098, 175.37453569200304, 174.1565410783556, 164.22036574045816, 158.50151214175753, 158.94975869920518, 150.3256518046061, 149.22298642900256, 147.0201521343655, 143.20870539771187, 144.05267583211264, 141.61283562554254, 144.2677679655287, 135.43851945665148, 135.9710507965088, 132.23027261945936, 131.5916526328193, 131.67228667789036, 133.351643892924, 134.14229316075642, 134.431046494378, 133.2912324311998, 132.34954081429376, 138.5553883743286, 129.17218269983928, 128.32713108910454, 131.30675949520534, 132.27458063761392, 128.0031568039788, 127.09355447133382, 126.68362285190159, 126.12960992601182, 124.60514294518364, 124.23830700980292, 126.06343193478054, 124.22475488238865, 123.79534212536282, 123.87059338463678, 122.3072174390157, 123.78189828236897, 125.36930621465048, 123.92353452046713, 123.86896693123711, 122.97463415145874, 123.30935011121962, 122.94821736229791, 122.77827024035983, 123.2664361445109, 122.69888426250881, 121.92761609183417, 121.46049010806614, 122.78376214345296, 121.16364239374796, 125.88816568374634, 121.36474572499593, 119.10207496854994, 122.40881608539158, 120.5279914050632, 121.008480436537, 119.5930737516615, 118.90714185714722, 122.36544925901624, 119.27093474917942, 120.70460976918538, 122.14618386162653, 118.86429771635268, 118.86035504235161, 121.12481496598986, 120.36030929777357, 120.05778031243219, 120.15332243177626, 120.63295183181762, 119.99802172342936, 118.18490760803223, 119.4498952208625, 119.11400526894464, 119.3978760210673, 120.00563205295138, 121.51667158550686, 119.77825083202787, 118.8613345421685, 118.37494894451565, 118.08477479934692, 118.35960426754421, 119.46843939887152, 119.23073127746582, 117.82724661933051, 118.58308538860744, 120.32094618691339, 121.40962812847562, 120.28508624182807, 117.48476216634114, 119.38895513322618, 119.3873427687751, 118.5637578286065, 117.8747766494751, 119.44737495634291, 118.36641894022624, 118.12782270219591, 119.05934077156914, 117.90858172522651, 117.38328465567695, 118.08778283860948], "loss": [19.00812671608395, 11.937324049340354, 10.417391290399763, 9.495692933864063, 8.894734809332423, 8.4831022888422, 8.144708287583457, 7.878408321142197, 7.6422199426756965, 7.466492966413498, 7.309162457121743, 7.172205019659466, 7.0556061138709385, 6.959439921379089, 6.862902508046892, 6.786940059993002, 6.714048098656867, 6.667251005172729, 6.614455640912056, 6.552765493724081, 6.514612750344806, 6.47407109061877, 6.430515495604939, 6.413882768882646, 6.376006883581479, 6.368198270069228, 6.354814514451557, 6.319576468136575, 6.290768404338095, 6.2905726861953735, 6.248833852012952, 6.235500379999479, 6.213417227135764, 6.216119731333521, 6.18577819817596, 6.168694105479452, 6.1511575312084625, 6.135316225422753, 6.12482383078999, 6.122182308236758, 6.094681905176905, 6.081816425257259, 6.069621772103839, 6.051313510669602, 6.047825463281738, 6.030956510305405, 6.049214583701557, 6.035095450944371, 6.01513894074493, 6.003624676068624, 5.998295518755913, 5.987218046519492, 5.981249200767941, 5.9681754290395315, 5.966044541729821, 5.956140550639894, 5.9473679161071775, 5.950078772703806, 5.954445066518254, 5.954160966674487, 5.932843827274111, 5.924952265289095, 5.9155851962831285, 5.90790725602044, 5.912349889940685, 5.904360371496942, 5.902440087331666, 5.888032365971141, 5.8829966302050485, 5.876416867309146, 5.895223460528586, 5.877299119565222, 5.866956235898866, 5.860042905410131, 5.857322825988134, 5.858838541640176, 5.855468029313617, 5.846372867822647, 5.839883154630661, 5.834787917004691, 5.835060728722149, 5.833015107446247, 5.841694599919849, 5.856961604025629, 5.865943018860287, 5.848853281935056, 5.832173588342137, 5.830435467428631, 5.816201676196522, 5.822159991992844, 5.813830199771457, 5.800702033638954, 5.79619234946039, 5.803097069131003, 5.846527523067262, 5.890246058768696, 5.925866466826863, 5.845597845779525, 5.824509326418241, 5.817534578442573, 5.83179289413823, 5.810807614856296, 5.813922622336282, 5.804058957894643, 5.791537086433834, 5.797391482988993, 5.791614631017049, 5.780026228162978, 5.773665284646882],