{"val_loss": [7.174851172096361, 6.177855626596668, 5.746289718441847, 5.473186417323787, 5.643194008891175, 5.395955010400555, 5.363581808117347, 5.333926111702027, 5.323934585582919, 5.407069675079206, 5.406049014106999, 5.3710783308114465, 5.3265645792329215, 5.212382604193881, 5.267842041525414, 5.225888932381219, 5.218214667424923, 5.282452489544705, 5.383345006684947, 5.247977345454983, 5.172022829453151, 5.173725590957859, 5.175958449520716, 5.152795316000295, 5.19009279477887, 5.27628565900694, 5.168300152794132, 5.247895796851414, 5.222212541151822, 5.173434316142788, 5.188610343186836, 5.300187403593606, 5.167559788721364, 5.168618171195674, 5.157456669380994, 5.129307940481155, 5.114939361568389, 5.123844212390543, 5.148865838845571, 5.162616985842464, 5.1187394019064865, 5.108395990075135, 5.104279303696098, 5.088069131946176, 5.117838752948172, 5.130114149998843, 5.2510823733438325, 5.145788666436343, 5.171718654593801, 5.156368325396282, 5.1264208981661294, 5.121342256301787, 5.11287837614858, 5.147953397374812, 5.101611568918073, 5.139793053390534, 5.131005804955475, 5.106872509892394, 5.136686979997449, 5.118736856109727, 5.118268510432747, 5.102132547192458, 5.11220804099145, 5.096792761387864, 5.127093794384623, 5.0853044109615855, 5.134032144294522, 5.1419709184305455, 5.232606133067511, 5.108389544535458, 5.11923057131651, 5.1240420484445925, 5.074838072303834, 5.185374423255765, 5.129881956955281, 5.251042573917203, 5.169981541672374, 5.2294857184576795, 5.336691486399348, 5.2094945032906725, 5.390624962201932, 5.31876335759473, 5.241743834764977, 5.234872362477993, 5.326501935962739, 5.203920484073763, 5.177607205340533, 5.437652867014815, 5.227697183446186, 5.315544052579539, 5.248111578264857, 5.2232251455628775, 5.19696321526194, 5.286186604722729, 5.216373217299702, 5.293851532344895, 5.22974183186283, 5.168571656554695, 5.186636052965149, 5.309588788243813, 5.420644609424157, 5.302025078273401, 5.3972851808478195, 5.3168225019443325, 5.242933856520226, 5.240538539682946, 5.20683598033781, 5.176966114499705, 5.145178006189625, 5.144777353943848, 5.1847261221912815, 5.1970480333983415, 5.185227473092273, 5.135790199768253, 5.149456419353562, 5.2766004391317445, 5.251277260906328, 5.1773203129206244, 5.363948537324502, 5.308965830056648, 5.247038493069207, 5.252273639527763, 5.280056997043331], "val_mse_wrap_angle": [151.06937742620948, 110.28369738803646, 100.86404027008429, 87.51339197740322, 90.59706071915666, 84.61393980863618, 81.92360518812164, 82.77829865905328, 87.83486807830934, 99.32892002516645, 84.54555135432298, 92.36803748161812, 86.96963574634334, 80.76647842027307, 83.85690101956934, 78.8610606891353, 78.03113583626786, 85.80747682873796, 107.62466903042987, 83.02816437124237, 78.97268755455327, 77.3239863888035, 77.47200484198284, 77.15527407328288, 78.10482755521448, 89.32757247948065, 78.50657537119176, 82.03204441070557, 83.64344105681752, 80.2319370091446, 79.0873599633938, 101.5785434982641, 77.75421359480882, 80.09177403139874, 80.11641924943382, 75.68655488161536, 76.52562300751849, 77.72805912320207, 77.37747960362007, 83.38064181707739, 75.73656540963708, 75.56681705878033, 76.37288740592274, 74.86089898512616, 75.86054969996941, 77.91697207698977, 78.55324346650907, 77.23127741348452, 78.20115247199206, 79.0649070487759, 77.98552188640687, 76.86839353359812, 75.19714295573351, 77.19758491787483, 73.90850758940223, 74.91920718720289, 74.76824433822942, 75.67432194996655, 76.59784052623966, 73.28715367239666, 73.55051935979021, 73.98850001358404, 74.51806311297223, 73.92741615016286, 74.29562141061798, 73.00229671524792, 73.92691078612475, 75.91906264351636, 81.03893866771605, 73.60305694835942, 74.22632077263623, 74.08080968818044, 72.9253566691546, 80.43996694417504, 74.3094593761413, 83.93698623509911, 76.16119515798925, 82.33504715779932, 89.74478279672017, 81.94868238766988, 96.88685263269316, 87.59511190701306, 83.4117655928542, 82.27345524570806, 87.31502524624025, 80.01910732819782, 78.73413703305934, 97.50847617009791, 78.86367036656635, 81.19034359125587, 81.2201229207884, 82.2545474040799, 78.77624881558302, 82.83750471060839, 78.97267052022423, 84.68796844017214, 77.3301109608596, 77.31715130612133, 78.48064153562716, 85.06770641629289, 96.50175939536676, 87.11374876169654, 90.11135559159565, 88.01925226537193, 84.12999375079706, 81.85182238594304, 81.76360277237931, 82.3318105751906, 77.48621131540314, 77.91446515215122, 78.05964865141767, 80.99843032960969, 78.11193385550646, 77.84947084411372, 78.32913242316828, 87.58807316446692, 89.09708740071552, 81.22321918146397, 98.55822398992089, 93.40919423297169, 86.71029520422462, 88.10364174067489, 88.76371005686318], "loss": [11.915906946273077, 6.3079178701733785, 5.845666222708566, 5.669009561266218, 5.579168457576206, 5.499434673067123, 5.446671745118641, 5.407618639325339, 5.379526189773801, 5.363465567149813, 5.346385775066557, 5.349441228594099, 5.313180882529607, 5.288095439850338, 5.276576993245927, 5.26143949102977, 5.249764326731364, 5.247853618379623, 5.268129123566642, 5.23743931355552, 5.2255739890810045, 5.214581120627267, 5.208435505216084, 5.196986319284591, 5.196309515029665, 5.207294767652239, 5.195222881014385, 5.20854067502703, 5.203835912916396, 5.18243760820419, 5.19228135572161, 5.209622015392969, 5.195183189149887, 5.175720663040403, 5.164566285148499, 5.1524430647956, 5.14826248871334, 5.145601115211608, 5.1535511243305505, 5.148870830293686, 5.155907025836763, 5.141284702482678, 5.134648593175979, 5.133653416769845, 5.133037160782587, 5.141255102672274, 5.138282157413543, 5.132799735659645, 5.133769390711708, 5.140839929913717, 5.125388982137045, 5.127445135994563, 5.121442974151127, 5.117466135479155, 5.121312676021031, 5.121194783407544, 5.124718648214189, 5.126272448524596, 5.129665564037505, 5.141875234997462, 5.153615367283897, 5.154130357833136, 5.135388110569545, 5.145908455984933, 5.125964721255833, 5.124134835440015, 5.119635547759041, 5.128737213195317, 5.128466490367102, 5.141215542929513, 5.121715083954826, 5.123601572006468, 5.114552012428405, 5.125219253358387, 5.203307931385343, 5.299517007010324, 5.284844489627415, 5.272776445176866, 5.440276323469858, 5.255008494301448, 5.371257474202959, 5.356343837314182, 5.320592080494714, 5.28994480726454, 5.260445359608483, 5.235377584427122, 5.217830795348637, 5.392681451888311, 5.265925880855984, 5.3010358759562175, 5.324172443813747, 5.450726668039958, 5.268626877618215, 5.229706180330306, 5.290579974341014, 5.289985081808908, 5.281562214684865, 5.205207495734805, 5.18039357006739, 5.2837006258283346, 5.424353116777208, 5.458228317987351, 5.442288469102648, 5.464986498514811, 5.272285162123422, 5.228495195661273, 5.214340820130848, 5.232189562298003, 5.2013591898963565, 5.172894960797022, 5.166180018712604, 5.16647599592663, 5.178509569864424, 5.151047657134041, 5.168078928932311, 5.179337921808636, 5.258715942382812, 5.25925752034263, 5.387249471936907, 5.356414614904494, 5.288733392564077, 5.27372482729715, 5.367063954065716],