{"val_loss": [10.203519408388491, 8.383749657496699, 12.401047359833894, 8.657610229435674, 8.132117954649749, 8.01629287061338, 8.556390532288727, 7.960137613677978, 7.441928184481021, 6.922113827373363, 8.436857590682418, 7.618532174117477, 6.85422843918977, 8.75797842393098, 8.246866929824265, 6.6458360199539745, 7.012071815688522, 7.12406596806844, 7.712506124708388, 6.603307415234601, 7.484017538960774, 6.472082583363851, 6.985732498705828, 7.014044636733444, 6.551291605885823, 8.210733587900798, 6.67469764839455, 6.911786344316271, 7.244847241747821, 6.76213605996591, 7.495698465587474, 7.215637131980613, 6.892577335188124, 6.8162456326520005, 8.292578223560474, 6.8731029908074275, 7.589913884650336, 7.624968714509187, 6.772361360126071, 6.995028017821135, 6.992560246559425, 6.416876834049932, 6.432836883008038, 7.775405166739005, 6.48065420328776, 6.964286005232069, 7.462733386569553, 6.510531896548801, 6.922399828762479, 6.661550434282091, 6.8684781339857315, 6.962052771646005, 7.503422307925754, 7.220632299804688, 7.004451711160165, 7.780303013271755, 6.712400021249277, 7.236026609547933, 7.220240440735994, 7.594519247182211, 6.812500212012397, 7.777554145530418, 7.178147898582176, 6.894333891946298, 7.1888410407172305, 7.285275489807129, 7.203376814778646, 6.682730097198486, 6.803407986111111, 6.782644479144061, 7.7814035361678515, 9.712330144896331, 7.404600142980505, 7.7274791245919685, 7.67432179864954, 7.320585646311442, 6.83217408964369, 7.089368646098949, 8.314918397945828, 7.212295688657408, 7.529911889026783, 7.181312544222231, 7.048609425184462, 7.54346927569354, 8.259352845368563, 7.664615244010642, 7.661833431046097, 7.086770750540274, 7.983183187950982, 7.933550884162055, 7.468267024909125, 6.7804163295321995], "val_mse_wrap_angle": [365.3973892492224, 249.6892670622649, 384.15902050826463, 323.02360377558955, 201.27453846661604, 190.02295071094653, 282.4645412608959, 197.6197531482838, 225.4846532249168, 161.11119067156756, 191.62249665369106, 178.2776621887207, 157.01975029229058, 230.02333805361147, 205.7006016644513, 152.96176940669307, 215.0312757957176, 150.08488564746997, 212.65487960702401, 152.66822531421803, 225.56933888798466, 139.66731306208857, 196.07807682811597, 199.63798936157227, 150.92804291381836, 238.83319201275862, 178.9699049154776, 168.1374666205512, 205.66359732259116, 211.14703353700992, 201.10061915757922, 200.0615910954228, 208.81848017250343, 179.51477180593986, 287.7148676457158, 213.1632684249313, 176.54914991432472, 182.92975529966, 215.13336290011935, 190.56194742680302, 190.6422521875452, 144.6811200076633, 126.04701713471589, 229.13808194760924, 135.24133428774232, 184.39993914207176, 178.65296773885092, 164.49299120076498, 200.51896364678277, 172.8087696194119, 179.5328379244204, 181.30277882916485, 208.20051180148656, 235.31671299619322, 265.54727642426667, 210.80708612783926, 166.00209566311307, 211.8252338647913, 170.84824616066263, 231.97876180555556, 202.86008833358198, 257.34794266560874, 166.99363340657553, 193.72952245347764, 222.03128245759186, 224.1835260312681, 189.35962662828234, 183.6898373997441, 196.36142898310908, 178.82445310035988, 233.94944959355107, 312.6535789573387, 223.25430321745696, 232.01307308281793, 215.20552069611725, 202.4988325459798, 185.58268664607294, 205.17048159089265, 233.92750774988244, 245.61985308091906, 242.63951018654151, 237.9507524171052, 196.38492656826443, 243.63504384562174, 309.4530724801523, 255.94364096702293, 228.94149684267398, 221.3550023795799, 359.01863867255315, 241.46577057698568, 259.17470666221334, 211.3056990830033], "loss": [12.282297731498435, 10.685374359229758, 10.345854854004472, 10.179332707892524, 9.982410294561033, 9.729155688617848, 9.647364643386558, 9.65786797092579, 9.584967699799714, 9.453038482319867, 9.530151865450541, 9.488125263171726, 9.364298918420298, 9.306864913629603, 9.292332800264711, 9.215093786592837, 9.263447813288371, 9.142096597311232, 9.16851730342441, 9.142741751797994, 9.097353524836787, 9.170374788792929, 9.08036479823501, 9.117515417056614, 9.0940468383012, 9.014043793642962, 9.072025207689073, 9.05606677015799, 9.05369725652624, 9.117005587055065, 9.030363281451331, 9.099090724740204, 9.079467162513733, 9.005529750435441, 8.938622477983545, 8.934028971933435, 8.972215793108058, 8.94740010542693, 8.893606168527956, 8.921601794694972, 8.898055772618894, 8.843805558395387, 8.829773849070513, 8.848552028931511, 8.803489386664497, 8.769540025725188, 8.852888727166917, 8.811038416579917, 8.816449869191205, 8.810075639700006, 8.81719197802367, 8.847427537896898, 8.890169858611072, 8.934942259195116, 8.911288144429525, 8.923937388851025, 8.9192532675072, 8.914902702275029, 8.971137183344805, 8.90188018184238, 8.963990624766879, 8.910025139511957, 8.912267937314068, 8.957636662504408, 8.9485185147674, 9.026757381213153, 9.086364410937273, 9.016012458440992, 8.974410199228922, 9.00407834447225, 8.970371575433237, 9.03452247197893, 9.04715516914085, 8.959257842703218, 9.028767607024864, 9.09395235761713, 9.081877832758869, 9.038051326087668, 9.001305153210957, 8.967509797951028, 9.15333971289882, 9.050621911705864, 9.109072683751142, 9.113426090014423, 9.085094645401284, 9.071263362093324, 9.17728300776305, 8.946490410811812, 9.055968074544271, 9.113988029826128, 9.026319690322875, 9.02770865730003], "mse_wrap_angle": [446.78746298087793, 365.620998592631, 338.70217843367965, 317.1645237937645, 299.93057608139605, 285.62904550250016, 277.83156121594465, 280.0928497587416, 276.192992861882, 268.7036085546423, 264.78968562678585, 259.84613968438043, 257.0378749433729, 256.40716256860804, 251.94031828158344, 256.88979652353925, 266.1520421189485, 249.10953869753237, 259.577283605731, 246.45780822217023, 248.3378218124955, 256.8259343569438, 246.45941506132903, 250.55555341316506, 250.03428700770624, 242.46265531107585, 250.3737686163443, 247.56017896971525, 248.08858733277498, 249.62531006043045, 246.34684053873133, 249.51526943661725, 244.10440062394318, 242.7416846616957, 230.77049956543533, 240.13527557582148, 242.38341239426225, 234.90617007033737, 236.61839979129368, 235.39864621257075, 234.559766858221, 228.11087305927984, 231.2984343828272, 230.06502609365958, 228.63248318628382, 222.7347220812197, 226.74613952362625, 231.36238242848714, 228.6311270312274, 226.51819091384323, 227.7632843355532, 230.09540432877716, 229.99333800565933, 233.89041420118545, 228.11557327974108, 227.8338243361014, 229.27398241385, 233.69083630608452, 236.7097590441951, 224.71273897187976, 232.12349474789656, 227.6541292659053, 221.05552024954338, 224.54880888770774, 228.52293032297206, 238.0894174899631, 236.80795492550885, 223.7060682556435, 233.38616404969957, 241.31785185255828, 227.30729742454247, 239.8706486941585, 232.0498978455155, 224.23431839370727, 227.66580125105116, 235.81723243690774, 230.0158318517897, 225.8997479470147, 222.94502384974163, 219.87828319600422, 228.74197729842575, 228.07410165436357, 236.86699460655495, 241.2546649456448, 229.89254799440172, 226.6782015646758, 247.08072284319843, 225.19991730883564, 237.9339726254781, 238.4622842175519, 229.13415534973146, 234.96380497671058]}