{"val_loss": [6.076191615642063, 5.811920164509425, 5.545550666975597, 5.5699674864080215, 5.53358042939504, 5.5023108689028115, 5.407090500252587, 5.409491450343813, 5.3799134446893415, 5.44648778923731, 5.350148921837882, 5.273944491492378, 5.385572531272494, 5.4026698749405995, 5.299226857355663, 5.276025567970579, 5.349591765710286, 5.301712898144646, 5.265320232977943, 5.2624497973578315, 5.308079462096805, 5.268913278178563, 5.24768310141185, 5.311959863248325, 5.315224171680118, 5.265779161086158, 5.256186344918751, 5.266295064956423, 5.260723128137134, 5.281382280069685, 5.264564161580706, 5.309730446516522, 5.223167838993526, 5.233176743257613, 5.222717779717748, 5.2434037632696215, 5.2307572519892735, 5.232880845001766, 5.267698192350448, 5.229862899435891, 5.222979062318802, 5.43479555898621, 5.2511824915068495, 5.246434371344627, 5.319127362414012, 5.237651364265926, 5.235858552569435, 5.233285174888278, 5.281527258471837, 5.297258927263911, 5.3059771029305836, 5.212599080842638, 5.233141963425137, 5.239759171376153, 5.1995998681783675, 5.215528774216062, 5.332180514396183, 5.223994746874249, 5.189685090591037, 5.214323016505393, 5.186712234898219, 5.195102801926552, 5.187920405577099, 5.1882174249868545, 5.186939561968758, 5.172296683814791, 5.158113414893075, 5.350231673422314, 5.210540894268051, 5.204788404116555, 5.2153914227466736, 5.349065951848787, 5.208276892703677, 5.257999755407137, 5.355496856095299, 5.331312598735567, 5.20620460385368, 5.236896659605087, 5.297402348832478, 5.206086255202218, 5.198380985112418, 5.1901056564024515, 5.1711611954106225, 5.177040101463833, 5.238775109832249, 5.189286668035719, 5.219739957185019, 5.1665306460441105, 5.2948172622900165, 5.204002322980336, 5.2298946076196335, 5.165175969034906, 5.239626371851043, 5.194749457206045, 5.332897319199547, 5.182573518244047, 5.20105148052034, 5.167867441790444, 5.2790210275195895, 5.229363070124672, 5.281844267602951, 5.302536765060728, 5.225121407009307, 5.203692042392397, 5.18527638551924, 5.21445382321827, 5.27321417577683, 5.213440128943277, 5.160974141253366, 5.20961486431909, 5.223240415800185, 5.176885830898134, 5.18421687653708, 5.293627226927923, 5.201594099869804, 5.234270002094526, 5.164905781715635], "val_mse_wrap_angle": [109.25248174664331, 101.7498229160763, 88.2422177812334, 95.13877135732439, 87.03479115975092, 90.93856596134579, 83.59812982653058, 87.13194607007314, 83.24510009075347, 97.42367206238943, 84.5053872162501, 81.47720696231298, 90.61319125681831, 84.74985167239961, 81.2401417868932, 79.98732582964973, 81.35890115356446, 80.1354338688472, 79.19106128208978, 79.5120154909255, 89.6190540522318, 79.54547589711538, 79.8853959947919, 80.53257673818347, 83.4383675971561, 79.93695502474951, 82.01019694883104, 81.53934800643013, 79.66277738076164, 81.96506562587193, 81.49281441847484, 78.97451431781526, 79.04199538354268, 80.47899426994627, 78.30763536645496, 79.73119657800311, 80.1125226990382, 80.20419334320039, 78.10433310747904, 77.84943986538478, 80.33583167089735, 100.10358096820589, 80.95256040625345, 80.73433134271986, 92.28388072257572, 79.21372666475509, 82.62931863832473, 80.50447078794146, 86.55401539981933, 80.50790556947011, 83.36511073196502, 78.89134436714838, 79.98431908595373, 77.69767640173625, 81.04075920669617, 79.6094680458629, 86.03899490118783, 77.59458126465479, 77.09307625853826, 77.47067938562424, 77.58623115200467, 77.72508632171721, 77.08400401083628, 76.37739959304295, 78.13773785044656, 77.11171431059307, 77.91488299116256, 99.22741716813285, 77.05704521445622, 77.09835951158736, 82.70601468142252, 91.047092713409, 78.79142310749539, 80.14093743748892, 88.58078123947931, 87.82936707537515, 78.7585354939718, 83.02685810311635, 92.07035140032995, 79.2945615415119, 77.24721647633447, 77.4275882851207, 76.48167662488846, 76.65332515388064, 82.40272087032076, 77.49914891543465, 79.28415562774265, 76.27761538399591, 79.08507247452509, 78.26433204569892, 75.79011509616791, 77.03129063938535, 82.19563266065386, 76.67736874896761, 77.09559032779269, 77.51083698810093, 77.9984559401709, 75.86891000666694, 81.40419566935584, 79.19196421636853, 88.64847162266383, 84.25413356198204, 83.68011207547264, 79.287213413511, 77.67666094562742, 77.18729793171656, 88.92821954586393, 77.54096963629647, 76.95746661859089, 80.2514400656564, 78.13495415477148, 76.41102171141004, 76.52586591283102, 81.83492856163448, 78.25086259584579, 77.93093466758728, 77.31437916381019], "loss": [8.568439465148108, 5.926148445549465, 5.712557139440189, 5.574258045124156, 5.569368786700188, 5.521848513330732, 5.449860075886288, 5.426098575113311, 5.399689119648839, 5.390199322896818, 5.374018608280591, 5.407144899244346, 5.349864042743804, 5.333586544294206, 5.357699396281015, 5.368864731175559, 5.316829187882325, 5.318776019465355, 5.310233084292639, 5.302850400836695, 5.308097500274106, 5.290873801090415, 5.281782485197461, 5.286308728158474, 5.287507077765843, 5.303548354793163, 5.313302534296399, 5.292274893815555, 5.279297948265833, 5.267254267206741, 5.263509449344779, 5.263299971388919, 5.266168240147923, 5.256003826902499, 5.25655712128537, 5.254695434395283, 5.260947410974238, 5.249608689828052, 5.245181614807674, 5.24912488786758, 5.2582573813289875, 5.312406744750719, 5.294167032847329, 5.25094430760921, 5.255641502342054, 5.270186526244122, 5.253668778873625, 5.2563177314268215, 5.242896445020324, 5.236669030125179, 5.235479888618938, 5.230378040798127, 5.229919597340954, 5.229628925956904, 5.232610639061247, 5.231849975288861, 5.229010292879173, 5.2264426636601256, 5.223782468616016, 5.223258661717649, 5.222109258331003, 5.220711973300056, 5.2188237195123754, 5.219389412749381, 5.2188333107805445, 5.214609117984772, 5.215767331582213, 5.215422176811903, 5.2148874651042245, 5.213851878323252, 5.212649262499714, 5.2128794801344, 5.239337456865917, 5.231309388315867, 5.284319259049401, 5.305648490379727, 5.257672325059535, 5.239323024927151, 5.234247941434384, 5.224025420037054, 5.215933814031264, 5.2169710013317685, 5.2139025260635785, 5.214574952106627, 5.212775055467136, 5.2106341116499335, 5.209573996866033, 5.207461418829267, 5.209815450094995, 5.223439606037405, 5.209508716303205, 5.210559373444981, 5.204952695308696, 5.203304474975382, 5.203010748092617, 5.2001057729881905, 5.197638971627705, 5.198307397950736, 5.199012843920125, 5.211350876441077, 5.214533378138428, 5.220046279972508, 5.206432663117609, 5.201196170979549, 5.198290370537648, 5.197437000302095, 5.19509190214106, 5.195509039980078, 5.194266789504933, 5.199075675397638, 5.205504964047008, 5.217235775462692, 5.214111317039955, 5.223529511772924, 5.22416578650853, 5.219394364029169, 5.198353157080355],