{"val_loss": [207.7007749293878, 135.93000219314078, 122.77246337208321, 110.69707834042185, 100.8553702540514, 96.92126020958753, 96.38268958262312, 90.90752851866125, 89.57585881202202, 91.99933578522224, 85.74094620177416, 87.29777868394929, 87.75323177353154, 85.62090666701154, 84.70680566919529, 81.45786195460374, 82.36333703994751, 81.09852151754426, 80.85043935077947, 82.15105713673724, 77.96225488864309, 78.7441501753117, 76.49077387360053, 80.83913164797838, 77.08571684263586, 78.9219480336197, 77.06824608740767, 78.98842092064338, 77.74654348109796, 77.24240379023358, 78.30250578391843, 76.63915651600536, 75.8000909816928, 77.39694670545376, 76.24915309650142, 76.35144402341145, 76.41891051307927, 75.46647983644067, 76.79573729949269, 76.82522953816546, 74.85626481606708, 76.49521400482674, 74.59819107520872, 75.39537349173693, 75.16562862512542, 74.89618127908165, 73.65960745501324, 74.80827222994672, 74.33495875490391, 75.10474840606132, 77.02613060842684, 76.30647154939854, 77.16535661278701, 75.23280739008895, 74.42088993390401, 73.98468536090076, 74.12673534416571, 75.01577915408747, 75.56790788774568, 77.8915052743462, 72.9399427010761, 72.92601894169319, 72.92267423916638, 73.31111767427709, 73.40565867734149, 75.10499183143058, 73.30431051370574, 73.39006757154698, 72.65242691931685, 76.63559358294417, 73.65735714416194, 73.38141358383302, 76.51516164415251, 111.61680183565714, 94.51397913452087, 86.0123777467061, 81.15953089163555, 79.73230985315834, 80.12299490944157, 79.67443382836939, 77.7026698589325, 84.18668824095067, 79.6831978355966, 141.9065729234277, 81.75521592589898, 77.86441445156811, 76.5268709523891, 76.43417077142048, 75.40367159029333, 75.04541894866199, 75.1428908158124, 75.047168857683, 74.11579926421003, 74.5053111246931, 75.38877073148402, 76.04146927352843, 81.51694461194481, 74.39306354910377, 74.8318300324727, 75.05763052343353, 74.03477778861193, 74.40035971393431, 74.00682046161434, 75.2660500402373, 74.37877971563881, 74.73260973333343, 73.74694655193547, 73.62845700155428, 79.73872405145227, 87.179116439044, 81.68762003503194, 81.85229493932026, 78.38198865526091, 78.24100352884308, 77.17777875380787, 75.25635905769782, 76.14131531288953, 75.53227269552588, 74.05288925597338], "val_mae_wrap_angle": [9.507665749972428, 7.61566091989114, 7.218919908855019, 6.675959308942159, 6.390429262950168, 6.277553512071206, 6.14665575482981, 6.052483365545428, 5.942855978157462, 6.013463320528588, 5.844670697440946, 5.851018381070316, 5.892944166573082, 5.796452399676408, 5.730374652195752, 5.642357724468883, 5.737507819160213, 5.617593919116307, 5.617673057608489, 5.677083675212007, 5.506537296423098, 5.566284258191178, 5.4912948874923275, 5.622790146407073, 5.45294293882401, 5.620422349955009, 5.4677099602493815, 5.529141803097919, 5.485511906263305, 5.493379235025344, 5.579497571883163, 5.477172165382199, 5.421060099107463, 5.504916593311279, 5.458890736829944, 5.466829527199753, 5.472621091497623, 5.448222456424217, 5.500120160298619, 5.48802771534377, 5.380981747454744, 5.443857127331136, 5.3806474751573266, 5.458031692640568, 5.431014067758389, 5.398781916232613, 5.369629822126249, 5.4044608388974416, 5.3661024609232335, 5.431501684392371, 5.483796106605995, 5.436696687607261, 5.4604621430238085, 5.43596097293908, 5.400714687215603, 5.372678026920411, 5.373480184533732, 5.407560618427711, 5.371583393676494, 5.454529528453098, 5.3175444137759325, 5.309091215453496, 5.304614258733222, 5.324806468273566, 5.3364850934443435, 5.423502082747173, 5.328479885570402, 5.31616794384592, 5.327307081804043, 5.435255607453788, 5.355092030230576, 5.312716243228292, 5.408459606451717, 5.904330077694683, 5.696729287384002, 5.50829395361063, 5.446782296023717, 5.428653335668208, 5.418500359223141, 5.424343640484461, 5.380803312712569, 5.5659730548296515, 5.497197170810002, 6.408792234048611, 5.602720955280754, 5.475337994777091, 5.455035229766272, 5.4118623331310305, 5.405237549204167, 5.386847896304557, 5.361702500804653, 5.386556754025017, 5.312307773809123, 5.329390204534298, 5.389379791854843, 5.401545826012526, 5.480326876650012, 5.352627104860011, 5.349092523256938, 5.441618668839214, 5.323990193808951, 5.367599384086888, 5.317178481478032, 5.373268033673123, 5.3344509087926975, 5.3765272023232, 5.3337517593934285, 5.313503992266771, 5.501883447897144, 5.522259788299964, 5.465600788350997, 5.474900205445484, 5.38888636716013, 5.418523381396038, 5.412042464182629, 5.3255956281976005, 5.389264911170898, 5.364886665005025, 5.311507890621821], "loss": [639.326721976144, 169.75540580919053, 125.63134147716704, 112.18141555737692, 106.09699425446041, 100.4303546772306, 97.93993261185904, 92.28421070498511, 89.40981578233507, 89.17748475574312, 87.04209941076854, 86.67349901374938, 84.56545194450257, 83.72022093612429, 82.13623649233864, 80.98619360739087, 82.22637416246202, 79.69943542722672, 78.78150938052222, 78.90353565809461, 78.39314838518415, 77.79653839837937, 77.45583390687004, 77.7377218734499, 78.04964707002186, 77.50635318865095, 77.04304754299588, 78.00357090589735, 77.97361502172076, 76.63866862124489, 76.22643750775049, 76.01448411923363, 75.49465569632395, 75.53607918827117, 75.1292558511401, 74.9015862601144, 74.63947340078202, 74.50404808020214, 74.56767798917255, 74.78299324738033, 74.28488346693251, 75.52464736647833, 74.78065072438073, 73.88962595621744, 73.8796079629565, 73.72693870859297, 73.59726022193546, 73.79445626976377, 73.68859957837302, 73.51261917889308, 74.20135766456241, 78.34128296334403, 77.92448266504681, 74.48005406116305, 73.6080730973501, 73.41109430755131, 73.04148543875559, 72.98382022530691, 73.19022082955496, 74.14339333961124, 73.48774484882658, 72.60448840816437, 72.45561230662513, 72.44192542182074, 72.3694998706636, 72.80465981910342, 72.4356013038272, 72.77278129408094, 72.3636978464278, 73.12777866036551, 72.44335496932742, 72.32783724636502, 73.63303872535342, 79.4927339787559, 99.95134226045154, 88.84218634808252, 83.10945886714875, 80.8345543726361, 79.19956667606414, 79.84486001490033, 77.57683901396251, 80.51666004871187, 101.94528073798286, 108.638961906312, 110.50387667798239, 78.9307975289481, 76.78154151892284, 75.80065948389446, 75.4031213771275, 74.68950364176432, 74.22593735322498, 73.913197072347, 73.58654924907381, 73.67421113610646, 75.04299386306036, 74.09377350095718, 76.5835990440732, 74.36243494572714, 73.28100519041031, 73.18407676672557, 72.81287381659614, 72.68772109743149, 72.67806615145244, 74.50063869706412, 75.38075780087425, 72.77873654320126, 73.98177756560794, 73.09049343726748, 82.48824896821522, 82.96592736089798, 83.01206411307199, 79.78520902942476, 77.55025028822158, 76.47886722673688, 76.0421461695111, 75.00509475853329, 74.41001040504092, 74.07847080339704, 73.58716997273763],