{"val_loss": [31.166673762457712, 25.67657346384866, 22.5583496434348, 20.588382516588485, 18.989384600094386, 17.443528848034994, 16.260776502745493, 15.59539020061493, 14.640960693359375, 13.944259107112885, 13.617964480604444, 13.068572563784462, 12.737909521375384, 12.513408158506666, 12.253645726612636, 12.036559760570526, 11.804791450500488, 11.44365222113473, 11.272010011332375, 11.275773687022072, 11.05500191450119, 11.080268706594195, 10.770783509526934, 10.682347467967443, 10.42050187928336, 10.845863606248583, 10.199971539633614, 9.998408692223686, 10.134237391608101, 9.963488178593773, 9.841703644820623, 10.038352591650826, 9.791404783725739, 9.467443781239647, 9.366558279309954, 9.700697021824974, 9.270764138017382, 9.105260176318032, 9.192842738968986, 9.081130410943713, 9.05965072768075, 8.980542429855891, 8.797051391431264, 8.755492665937968, 8.795795142650604, 8.859466684716088, 8.643625663859504, 8.82681143283844, 8.498072504997253, 8.46430320399148, 8.612911415951592, 8.51531133055687, 8.293846121856145, 8.402750607047762, 8.22262796333858, 8.23066418511527, 8.6819107234478, 8.329411549227578, 8.141571330172676, 8.088721083743232, 7.9948060895715445, 8.109159627131053, 7.943763937268939, 8.009621292352676, 7.968376559870584, 8.191254032509667, 8.556731190000262, 7.975021004676819, 7.81692356296948, 7.66230594260352, 7.906419460262571, 7.699890158006123, 7.628722769873483, 7.670403399637768, 7.78799842936652, 7.5846312301499506, 7.5282356313296726, 7.980176244463239, 7.504902315991266, 7.354715326002666, 7.456377778734479, 7.822186099631446, 7.3652587703296115, 8.569730226482664, 7.245123586484364, 7.662250403847013, 7.8202117170606344, 7.647268563508987, 7.325000081743513, 7.488748388631003, 7.704897178070886, 7.305539999689374, 7.544283338955471, 7.364894330501556, 7.064091103417533, 7.092716791800091, 7.156988399369376, 7.091478386095592, 6.991070474897112, 7.036385697977884], "val_mse_wrap_angle": [2409.973331996373, 1787.4926746913366, 1429.9392721993584, 1206.812673296247, 1039.7136312212263, 909.0943712506976, 814.4503675188337, 749.6471197945731, 679.9517797742571, 630.8341312408447, 594.0535542624337, 564.6776689801898, 539.359451021467, 516.0132696969168, 498.94111769539967, 478.1414835793631, 464.3666711534773, 446.37532479422435, 432.47516441345215, 424.9794513157436, 407.0154301779611, 410.28251239231656, 390.42011288234164, 377.3582301821028, 368.93737084524975, 377.8102226257324, 351.13941764831543, 343.84551783970426, 343.180235181536, 334.6027218954904, 324.6346683502197, 325.61380781446184, 313.10141263689314, 304.7037959780012, 300.4697310583932, 301.6947291237967, 292.4838903972081, 283.78427600860596, 286.0377370289394, 280.05470126015797, 275.42545999799455, 273.7572457449777, 268.2265931538173, 263.6341905593872, 261.3680050713675, 261.5925509589059, 253.2663758141654, 253.46734074183874, 247.66633265359062, 243.93674659729004, 244.58319282531738, 241.11097717285156, 234.14207894461495, 236.92713574000769, 231.0792773110526, 227.14216450282507, 233.47860159192766, 227.12876047406877, 222.70502090454102, 218.4564196722848, 216.51914610181535, 220.28812163216728, 212.81472614833288, 214.11291667393274, 209.51758888789587, 212.2374210357666, 223.65187297548567, 205.7419159071786, 201.88517502376013, 198.854045186724, 200.68014648982458, 197.66893230165755, 193.63439546312605, 191.897841998509, 193.28690038408553, 191.0262280191694, 188.9656914302281, 195.07074580873763, 184.9509904044015, 181.299521786826, 184.03611762183053, 188.08865744726998, 178.91701425824846, 204.1539065497262, 175.19660908835274, 182.18410505567277, 184.18989290509904, 178.52169677189417, 174.3379387174334, 178.86068936756678, 176.99972772598267, 170.71621322631836, 174.90677901676722, 172.6332564353943, 164.68574721472604, 164.68573427200317, 165.17889710835047, 162.14179243360246, 159.6202725001744, 162.7091965675354], "loss": [41.86639289855957, 27.961074142456056, 24.05916187286377, 21.484145198398167, 19.55708045111762, 18.02202444076538, 16.79241028043959, 15.779702400631376, 14.948288243611653, 14.29134393480089, 13.740236392550997, 13.256698684692383, 12.885025143093532, 12.580474643707275, 12.261783214145236, 11.966734686957466, 11.724086871676974, 11.531709565056694, 11.360543274349636, 11.173635245429145, 10.96370994567871, 10.810742880503337, 10.72323712878757, 10.540222731696234, 10.385974566141764, 10.271873416900634, 10.161115582784017, 10.050990609063042, 9.954817909664579, 9.831555377112494, 9.743864044613309, 9.677855290306939, 9.523398342132568, 9.491260454389785, 9.369237054189046, 9.309830440945095, 9.236843937767876, 9.17338160832723, 9.101752401987712, 8.99604306326972, 8.929639240900675, 8.900739958021376, 8.825045711729262, 8.81526492966546, 8.697324353324042, 8.666846250957914, 8.60422561539544, 8.512263838450114, 8.542377688090006, 8.414655573103163, 8.402838833067152, 8.360492520862156, 8.268689821031359, 8.319466875924004, 8.186927626927694, 8.144094048606025, 8.100941547817655, 8.093715907202826, 8.032090197669135, 7.9713230027092825, 8.026122958925034, 7.88373434914483, 7.910930468241374, 7.814837108188205, 7.779095160166422, 7.781176608403523, 7.716991654502021, 7.741828772226969, 7.661691391203139, 7.648812968995836, 7.574617239634196, 7.535105245378283, 7.5463175773620605, 7.516617786619398, 7.463101361592611, 7.474004644817776, 7.442476054297553, 7.370697882970174, 7.350635595321656, 7.373462547726102, 7.312191918690999, 7.231617807812161, 7.280505619049072, 7.26924239370558, 7.175802084604899, 7.188488787545098, 7.166673200395373, 7.1402386283874515, 7.075946120156182, 7.0421940676371255, 7.04774143324958, 7.058665892283122, 6.999123533036974, 6.9770579539404975, 6.978054126103719, 6.948472086588541, 6.911874517864651, 6.894985005060832, 6.858652347988553, 6.851136921776666], "mse_wrap_angle": [3753.670970594618, 2048.217592230903, 1596.8040315755209, 1314.3764887152777, 1119.5151390245226, 971.5513751898872, 858.7097641330295, 772.9024759928385, 704.868826429579, 652.6393267822266, 610.2224621582031, 573.5767727322049, 544.0618811035156, 520.7160978868272, 498.75843221028646, 477.61588019476994, 460.36031446668835, 444.4604365370009, 430.4097750515408, 416.26505777994794, 403.333711344401, 390.7643041314019, 382.69709048800996, 370.8324954223633, 361.0788278198242, 352.42563781738284, 344.8719226752387, 336.6415342203776, 329.54989942762586, 321.5131021457248, 314.7926321750217, 309.90593943278, 302.3961646525065, 298.7999912177192, 291.6447138807509, 287.4716606309679, 282.54604970296225, 277.7204234144423, 273.49702206081815, 268.2205209350586, 264.3241134982639, 261.06254638671874, 256.69465627034504, 253.35477094862196, 248.91499196370444, 246.09477250840928, 243.2476806979709, 237.79183264838323, 236.7476276312934, 232.74655853271486, 229.689855211046, 227.75243981255426, 223.85146440294054, 223.51631941053603, 218.63383936564128, 216.3695083618164, 213.27314063178167, 211.26680803087024, 208.70470291137696, 206.04483084784613, 205.57986745198568, 201.98481184217664, 200.412548828125, 197.24820731268989, 195.2831277126736, 195.0613452657064, 191.23530904134114, 191.33990761650932, 188.22645456949869, 187.02529624091255, 183.94070939805772, 182.2243559604221, 181.75800615098743, 179.6690704345703, 177.71850782606336, 177.09260126749675, 175.51125089857314, 172.76801128811306, 171.24594970703126, 171.46767567952475, 168.88922344631618, 166.69807242499456, 166.47037770589193, 165.5976562330458, 163.05335923936633, 161.75592649671768, 161.63422490437824, 159.92237923516169, 157.67189592149523, 156.82763544718424, 156.07724414401585, 154.93360546535916, 153.09848169962564, 152.6230770365397, 151.83815543280707, 149.7571268717448, 149.94344446818033, 147.97346788194446, 146.82954879760743, 145.80016121758354]}