{"val_loss": [8.573166927026818, 7.369731497644495, 8.036736270254629, 7.067437182362874, 6.758829615642406, 7.557985720740424, 6.820052941951046, 7.1480787088747375, 6.606019370100233, 7.673373391893175, 7.3685101672137225, 9.291868477150246, 7.9900558367976435, 7.144753924419262, 7.334965222111455, 6.677090821315624, 7.137783089249222, 7.1133254850882075, 7.05787171037462, 8.709143974445483, 7.570341364147045, 7.497203355888084, 7.27815330601445, 7.81151878797743, 10.083028715910736, 7.573781141775625, 8.309364700599954, 7.223338212641964, 9.80466349730315], "val_mse_wrap_angle": [272.5729794655129, 187.09790256392867, 207.81056466471355, 185.33197382699473, 148.06968130787038, 206.86061235871492, 157.56600643468786, 152.98142967981408, 143.70446588812933, 197.15087187228733, 209.39563637175382, 211.59933915879992, 254.21223724410444, 191.79818166549117, 170.11288000917787, 176.48848530420375, 209.69321948671694, 194.74359868186667, 192.06564694824218, 227.14343445524992, 241.555259677011, 213.19336025141962, 238.0882698228624, 211.14107636809172, 266.11883409740307, 180.01898866690178, 234.01033655033817, 190.88587905510798, 254.32832127956814], "loss": [12.186837031915452, 10.372364846759373, 9.97954111925761, 9.709089355602972, 9.60944346028787, 9.509611780795344, 9.422082674125388, 9.323871192444695, 9.212659606643959, 9.23932845604508, 9.205074563139457, 9.135894776605676, 9.079570709836041, 9.140453578694661, 9.03118141726741, 9.077505444894014, 9.078373412414834, 8.99527215058362, 9.003718800869695, 9.077342319269533, 9.00819604971144, 9.063740475923044, 9.116701978188974, 9.139576380115086, 8.970921909862094, 9.050650038874592, 9.042273810570329, 9.032902199391966, 8.985283593771193], "mse_wrap_angle": [426.24417686004637, 336.32489161874275, 318.4292780293217, 292.15452193445276, 282.87036204167117, 272.82908351146557, 280.60289328138566, 261.79892112336336, 253.8314246484262, 260.75250773778845, 260.6087196748522, 249.0329863184046, 247.95183126966688, 252.6688767927947, 247.2069091445923, 242.9865690455684, 245.90292357197515, 237.7980490129259, 239.33026708588775, 242.4281560258371, 240.1775183202673, 244.48440271284315, 246.17117027887414, 245.79722933321352, 235.15424974921896, 236.76636485584402, 241.74937605717977, 244.21595559313738, 236.75787062960023]}