{"val_loss": [289.2604097176037, 242.10805864300195, 224.85312754557836, 211.9533309473749, 213.3552489959902, 198.49066130832207, 193.48015385914786, 187.84089368617927, 185.24192307389848, 178.41167247128323, 182.61652246446096, 172.1509810373689, 171.46736646571236, 168.22136907491742, 174.61662564719478, 163.69265845369978, 166.09409221049958, 166.49103144326736, 161.9582707736812, 160.80027927701082, 157.27220445835198, 159.8061411366306, 158.88692714050458, 157.14454372735534, 156.6832426861474, 156.05923072704832, 153.98825949322003, 153.74498979687766, 150.79168519413238, 152.50910720553912, 151.14007876024564, 150.58679573587284, 151.1546813016954, 148.78921615227176, 156.39631156865534, 154.8425670991605, 150.30178803485998, 149.58462269728565, 147.6936317991198, 148.3128004762274, 147.69752742924518, 150.81275087798198, 147.6621262279671, 147.90369191715294, 147.5485366186171, 148.5907630210291, 146.22967242855478, 148.91602760766546, 145.70978334862127, 147.1212337137241, 144.01793660441345, 144.17373519990016, 143.8640978473471, 143.30793925135535, 148.69761485211697, 144.16370876482205, 145.3301034786541, 142.8484446356621, 143.88085589621312, 143.44839705096408, 145.1004760365585, 142.38329288216968, 144.65452685951564, 143.92732469039692, 144.72258399814973, 143.69440231849848, 144.04565283674197, 143.3706917761759, 145.0922359697142, 144.77298464492833, 142.1434371555682, 143.14583710999798, 143.06706042629833, 143.3070013959446, 145.10654068392108, 141.39593805864848, 140.23039712848038, 141.9334383168447, 143.50867786100284, 142.52047329591272, 142.21413379821587, 141.90757694495719, 141.52090909535406, 143.035996594057, 140.9669537267982, 142.85058857212255, 143.25690465151976, 140.87011210017312, 141.05964055048375, 141.15515964765774, 140.04073619224167, 143.34911310530637, 139.96632065460838, 139.66860693026177, 139.5515176246067, 139.45502511499018, 140.26690925322075, 140.19341051795448, 139.24844799189358, 140.802450707058], "val_mae_wrap_angle": [10.785265461766702, 9.607948264924085, 9.106177611471693, 8.814237638687743, 8.96135564699155, 8.35244876693617, 8.256854182779726, 8.125421488043205, 8.135177623774311, 7.8002968788944855, 8.068870801652382, 7.608852383781741, 7.589217607557612, 7.467980893878502, 7.828210264388249, 7.305007471696175, 7.485213919828886, 7.51010459986872, 7.262870032077703, 7.216787707977678, 7.121158973962736, 7.172733278460045, 7.163438476545744, 7.088680855276893, 7.0669913864415, 7.049100617837816, 6.946976067256389, 7.025682141555949, 6.872035892058107, 6.936676035862891, 6.8758338768844744, 6.869128024071935, 6.913614581753783, 6.790537143197426, 7.231294312304569, 7.21041107716308, 6.852435317455388, 6.794047949578916, 6.7925503545664165, 6.775872318197608, 6.745256546026891, 6.991134000258375, 6.77020384581661, 6.746582263335352, 6.730913762342129, 6.784574461491929, 6.756759796748972, 6.918036424672347, 6.70327212126827, 6.724588648192281, 6.649143456465229, 6.660938415734794, 6.628564879276393, 6.635857289866208, 6.836065352499124, 6.690730853700109, 6.762314979762269, 6.607882862134948, 6.649483269613873, 6.629364647692753, 6.779315677404254, 6.6034991012609945, 6.71955904105896, 6.647593678352948, 6.653764574230029, 6.637728984723453, 6.624966371760062, 6.671775478868898, 6.742775942386132, 6.69698542736734, 6.619015552638041, 6.652343649565987, 6.594843191921997, 6.685333541885277, 6.774249834935552, 6.6284520250562595, 6.539809507746199, 6.642599042502688, 6.681751735936994, 6.665918202909857, 6.656321787480105, 6.649146778766542, 6.578189045483786, 6.6638346200108005, 6.557273215565365, 6.721300835141675, 6.734293660417408, 6.559903001914935, 6.567525782761677, 6.562284965590936, 6.47347250924253, 6.654299653142448, 6.545235305419903, 6.520999417347879, 6.511427399005583, 6.488690762259526, 6.510606157757253, 6.545444684207153, 6.462883282346073, 6.554289466540351], "loss": [462.24110335286457, 261.335991522895, 234.92491312662762, 220.36698527816074, 210.96129635879416, 202.8843042000166, 195.48733999294706, 189.54483703533498, 183.43596176885467, 179.9197783925175, 177.13000985418583, 174.59825467856413, 171.70290738413692, 170.09868577625548, 169.94427002830756, 167.8427483951344, 165.2687820853439, 163.10379202689376, 164.02096032555275, 161.71013081270107, 159.4725674921173, 158.61646590687872, 159.20725412645527, 159.7546937495213, 157.4659465982275, 156.23054034024906, 154.98384022990706, 154.00699346844044, 153.27482051794513, 152.7660149380553, 152.959946265925, 152.06259264658013, 151.72063849634907, 151.14584819200303, 150.51333503633387, 150.11215357881434, 149.24263644828048, 148.96849928074258, 149.0199444631938, 148.68590363506243, 148.77614502631295, 148.2369688541188, 148.61237692041334, 148.6878789644927, 147.47071132764628, 146.86190624561186, 146.56357002407896, 145.9203715704625, 145.87363247820286, 145.52776297376047, 146.0253504303577, 145.71464331493502, 144.9419867625517, 144.93603785216885, 144.70436040701273, 144.78116808922462, 144.70674907888775, 144.7247360401029, 144.74450897855073, 144.53968717607486, 144.14090563964845, 143.78087002304176, 144.26361139235155, 144.69721686868107, 145.38933445151335, 144.88765226835363, 144.04960491025838, 143.33441687689887, 144.04574919896345, 143.47026565571704, 143.08400456686581, 142.72530217668123, 142.5913006879021, 142.37421890557982, 142.325258271261, 142.22429997622422, 141.9421938416724, 141.72328578894124, 141.7588720208461, 141.59209837790095, 141.4624742894391, 141.45816940167995, 141.56384630749272, 141.25994303664663, 141.52896703263826, 141.03925288341247, 140.85351866319445, 140.78710227976282, 140.69415740408306, 140.6655931615892, 140.79431599775327, 140.69707541831022, 140.83411043972438, 140.7717394381255, 140.49097050725402, 140.5002218456393, 140.31007851594413, 140.15202695280587, 140.64422366153494, 140.0932754755955], "mae_wrap_angle": [13.371089099061255, 10.107900628382863, 9.440841060114842, 9.052207547904619, 8.795854624230877, 8.555196856978672, 8.33383490613551, 8.165751225963916, 7.9964599362043, 7.884574000664006, 7.795973896974052, 7.7143113251729725, 7.621438963572184, 7.559431451012107, 7.52793453219046, 7.466752057542988, 7.39590980125876, 7.334855224634308, 7.336905093249153, 7.276728783800711, 7.219418722264907, 7.18491714739332, 7.189169811572904, 7.182086522021325, 7.125854887619517, 7.092477015626197, 7.056224696639316, 7.0242555524040675, 7.001040950326359, 6.981753382539438, 6.981235084533691, 6.952942800708845, 6.940768931046031, 6.922926983852013, 6.900870080835679, 6.89034487521103, 6.867801987018461, 6.854036476459378, 6.850609545539407, 6.837531292909111, 6.831565854340597, 6.817190006530363, 6.816422666038563, 6.811613427704456, 6.789016401153764, 6.772966931237115, 6.765936422111162, 6.75098811921263, 6.745511729595708, 6.733915002660813, 6.738193440181757, 6.728423649108488, 6.712469500971776, 6.708116500580233, 6.703860473682678, 6.705940640543021, 6.701685316746531, 6.6940927302790625, 6.69577207859513, 6.692640048257665, 6.682107734680176, 6.672062951505573, 6.679609813216465, 6.688405506308562, 6.702699293547986, 6.695127595789292, 6.671502107582841, 6.655859684962852, 6.666838506162557, 6.656992193783031, 6.645375411339056, 6.638311897701687, 6.633072551976621, 6.625381096709008, 6.623752919240714, 6.620141924864327, 6.612022179821738, 6.605262038112466, 6.605438419666165, 6.597866092706817, 6.5971620895535334, 6.5944538221172255, 6.594740892946331, 6.58730982170853, 6.591850125530966, 6.579669861139036, 6.57388279479781, 6.571915690353493, 6.569022508558884, 6.567547792372361, 6.568691271912818, 6.5653704795089425, 6.5638921360689055, 6.5667087978786896, 6.5579284754485085, 6.556616212757584, 6.551661902882694, 6.54851517681047, 6.556058231927211, 6.546323608597898]}