{"val_loss": [9.519699166395055, 8.66105217430986, 8.003445078553177, 7.7985321323982815, 7.552051324371613, 7.3606244754252685, 7.388750221210153, 7.2451681593576005, 7.147139831108919, 7.196333621590987, 7.052234640881447, 7.0070904896514135, 7.090477949953109, 6.994568168256752, 6.954278007159046, 7.181879421428416, 6.846248423547032, 6.8527188065211115, 6.806407647111929, 6.873929694416483, 6.764077188080511, 6.7171332706993185, 6.729862679300187, 6.684240374598037, 6.647549466941178, 6.6773732247598945, 6.577112710867385, 6.608468930807555, 6.611080811029198, 6.569716627890534, 6.605231190146674, 6.549764661304224, 6.59101681109877, 6.627284754871001, 6.571673174129822, 6.5860125241083125, 6.590047844232712, 6.511407414980699, 6.536660719556156, 6.470965424483602, 6.47468627907945, 6.4912637905255695, 6.50659262318662, 6.435760629448874, 6.392665815911914, 6.394955678505769, 6.540146575366022, 6.375788619143772, 6.380654992779985, 6.459855898332705, 6.446551235319056, 6.439091913821283, 6.444392596595683, 6.397259212841775, 6.439770339099315, 6.483702912636817, 6.395350226197026, 6.336213760409887, 6.461219685468133, 6.369481976973265, 6.450504169930875, 6.333029968971439, 6.351013463901391, 6.392875872803293, 6.355132219158588, 6.325979108517202, 6.388515489816017, 6.342024423367457, 6.356698778827079, 6.2896060896228985, 6.354922496432216, 6.357443443378926, 6.2738898299623544, 6.354484705515073, 6.2751344904393935, 6.3288850071689025, 6.274283083580797, 6.315995922349931, 6.363455303441877, 6.263202067275248, 6.358410812077525, 6.344745765443477, 6.348578539734429, 6.285252284165881, 6.252824079239875, 6.284270080056955, 6.270446701943438, 6.307526496732816, 6.301197147199834, 6.2903298971618575, 6.266061148616565, 6.347042280020411, 6.359429996000177, 6.261959312551068, 6.327263701587909, 6.274244219806498, 6.23178503269482, 6.237075832393273, 6.303321212486502, 6.324908617574583], "val_mse_wrap_angle": [295.23152017822775, 243.87736790810038, 221.0284615129488, 208.68609720871206, 202.36130247612775, 192.96834822405185, 191.908555992077, 186.43437067800625, 183.4995370668189, 183.13849882450197, 180.41725783756004, 178.5863211902458, 179.5722972412684, 176.46234468285743, 174.3313289315998, 176.15767605048896, 171.66407920136857, 170.81925994435804, 172.11067299363106, 170.6971857908305, 167.73579848288892, 167.2524436219819, 166.7712457709122, 166.32912425121188, 164.80647354907904, 165.15837844708204, 163.1857065473284, 163.54631106072054, 163.2594144215172, 161.03362897399379, 161.53758911407286, 161.01008540610096, 162.24628712427315, 161.6800278330717, 159.31065574188008, 158.15689177314647, 158.79762928876337, 158.67662206800182, 157.55079462178654, 156.87504142868147, 158.00566437622913, 156.38906968545027, 160.29888073766213, 154.7178007044869, 155.34565196050258, 154.23083896074453, 156.55350220151038, 153.01221450186503, 155.26959789908847, 156.3417542423072, 155.81648086040394, 155.57714491562723, 153.12220540911403, 153.7082567276802, 153.76780975954574, 154.92659259246398, 154.41588011907, 152.85787117388975, 154.82458903255434, 152.86218838750557, 153.04259358916514, 150.8913422556408, 153.07479048463446, 152.87200235966432, 151.7064492728914, 151.09634680908562, 152.25966634313522, 151.47024801669573, 152.90254395338712, 150.28717333520962, 151.98969896257086, 151.8644927758299, 149.99137396254915, 151.39127594884582, 149.9762627115511, 151.33019482234212, 150.89021835773966, 153.38190612441898, 154.748744990132, 150.86057320989542, 153.16965503289694, 151.51806497324512, 152.18914421670382, 152.01801472153034, 148.60272159508597, 150.04798780168807, 150.61589583440994, 151.13776140306766, 154.39305607441253, 151.33287506965235, 149.07322767872463, 150.74645125918298, 150.75429979654268, 148.89566002777744, 148.85562216609722, 149.51153954779397, 148.80351402459846, 149.90331881247263, 149.73058284623082, 149.07981185577972], "loss": [11.777391390133527, 8.902331328348396, 8.240262670192843, 7.899618828667535, 7.669977656944125, 7.510935433082331, 7.394104221057269, 7.304794123394037, 7.217286477755877, 7.152054472343594, 7.094702199649188, 7.048763393813489, 7.009229335086798, 6.971714883205937, 6.942187805113449, 6.90563880900464, 6.872603204851836, 6.84936564182456, 6.825599151723525, 6.799133852640788, 6.778858772776485, 6.765209010491963, 6.74797644256143, 6.726536728927512, 6.700938522725323, 6.68475936112996, 6.6692410673503, 6.657151583154217, 6.643536712845946, 6.6198692679685704, 6.608469456180249, 6.5974031724368825, 6.5860814732320945, 6.572434555888955, 6.556971097048591, 6.541254547792322, 6.527475221035528, 6.516844572877572, 6.504900978487301, 6.49622265404346, 6.490154094596314, 6.485066750819387, 6.476143837386487, 6.463958714117411, 6.454121025322309, 6.448548223707411, 6.445005794263354, 6.437093989839741, 6.429073860816707, 6.422343582165786, 6.417903730891109, 6.412225641587201, 6.406529842850429, 6.402059635698405, 6.401999430114148, 6.399003880881017, 6.391606983596203, 6.38917801757264, 6.38276945524278, 6.381797744090261, 6.376453929901123, 6.370246563468883, 6.367061060961555, 6.363992051454931, 6.358729715185228, 6.351706817938611, 6.352762943629346, 6.344860364913941, 6.346654583712809, 6.3411486757689834, 6.334586220884635, 6.3315295968897205, 6.329740253099429, 6.324442172505497, 6.322584919088027, 6.325845819485733, 6.325573802736071, 6.324432944503485, 6.329068035574521, 6.331645387163349, 6.318383176791123, 6.312502149694106, 6.305869233673694, 6.30388473433451, 6.305567090452107, 6.302820880291509, 6.304396906223173, 6.301438570932625, 6.297604038300857, 6.289520378037995, 6.295166843576369, 6.289847488079196, 6.28651214502372, 6.281207284640643, 6.278561440673529, 6.2781994965746515, 6.275417041429507, 6.274120734383078, 6.276107423557955, 6.2694551813711525], "mse_wrap_angle": [457.15433489511526, 261.9089543401182, 229.97780683350408, 214.85773441549065, 204.87856982840745, 198.82148144670873, 194.01227139860666, 189.1329799002853, 185.87362322898315, 183.80850266998888, 181.56553912353516, 179.75913545596055, 178.34671712578668, 176.82354011525672, 175.55082922123927, 173.7339905549093, 172.22022967289942, 171.30344037982218, 170.63533053509082, 169.46352199120616, 168.75652469011692, 168.46708353957632, 168.13195526502022, 167.18318038342045, 165.94242223502764, 165.33290597972996, 164.6900664361692, 164.2296626576941, 163.62752562180063, 162.43526640050553, 162.20303841804056, 161.83390562050016, 161.4434544350618, 160.93536632243635, 160.0427729304694, 158.99621443066565, 158.61911226678984, 158.1247722848132, 157.57035030230355, 157.3446633817386, 157.24088270818174, 157.5139880030015, 157.08035849597408, 156.39285200390785, 155.8580694169188, 155.78109375159568, 155.8742587838765, 155.37454716601403, 155.11786019199346, 154.64757224567887, 154.36363159917695, 154.1579468142441, 153.8923488986944, 153.62832819441252, 153.7672925678328, 153.9942099609375, 153.58463935862025, 153.6524701089298, 153.33887410521663, 153.30852365511228, 153.1134372712179, 152.71195477733735, 152.64584551303838, 152.52509837490905, 152.21249833210464, 151.87275855449602, 152.34572484613557, 151.7503715808345, 152.05056250658222, 151.51890702769958, 151.35070729134753, 151.429227521111, 151.48442032817766, 150.98428365650054, 151.12253926674836, 151.33376488579643, 151.6146758131638, 151.68333377593794, 152.2488991511725, 152.65657086321264, 151.66050596309486, 151.19409941270615, 150.66007451873978, 150.5190999845617, 150.80691974156198, 150.63993807085822, 150.64995361587424, 150.45101144907832, 150.30845931867213, 149.98000843162785, 150.42770914015426, 150.24054242182714, 150.12222718781115, 149.57622098057567, 149.33857356970296, 149.5285705783819, 149.5016625555699, 149.49553011546416, 149.69390752316144, 149.06262947252063]}