{"val_loss": [156.91910472631304, 148.9625740458192, 158.59827673951344, 167.82069588226145, 158.2966461516753, 193.07009109117277, 192.2031935049734, 160.0362522465942, 201.85150378031153, 165.23812035131942, 156.23062052005656, 181.4515627151103, 156.77243499979267, 151.43024847832118, 153.15892946538105, 144.55776928548806, 154.90007319048442, 151.26808618666414, 151.37279078681658, 148.7137910156314, 146.451579331105, 146.39350307299438, 147.6163798437735, 142.20777375477175, 145.5488409390636, 145.0623564673278, 146.51023148483023, 151.79152555611313, 147.72897315967833, 146.81457745093877, 149.0133217430793, 165.88623942343466, 147.49520552475016, 156.13977659568954, 150.4585303039487, 148.7329100533226, 153.77263661384384, 158.26361721655584, 153.8271818913019, 153.61368088043028, 153.34579870387168, 177.68881303619276, 155.8675205914502, 266.6490240633625, 171.59704810619056, 170.8991698915553, 324.4123507246166, 179.5762973730346, 167.32468258958062, 242.83428300810868, 230.4969572630968, 165.79993855855975, 1247.7945854092861, 198.42769666686513, 354.3009787301991, 178.22198544573868, 195.15216893856558, 172.40098058815857, 161.56069086645718, 154.4849588090569, 160.68471919420597, 150.65957454098142, 151.58419499320482, 148.70732126832382, 165.26208623117344, 152.52493670873875, 204.60005628980372, 160.57243402780685, 188.382778327302, 171.52775126834015, 157.40069647180414, 158.72328785647161, 172.33959602766072, 163.84034479823828, 184.76366617250233, 167.43060747396743, 164.98690802121956, 163.63551717461763, 166.0937849115413, 242.6154010392113, 818.1535006094068, 300.52375013602375, 237.15422592849268, 195.47794279805836, 196.27171275656085, 183.09567750006434, 167.33163587549845, 224.9828539291602, 210.45515999617473, 174.44384153964904, 213.80290596376923, 204.9788853817469, 172.04196559233387, 168.7037951707391, 168.20038524468907, 187.04556310318972, 175.18051811542205, 183.66261797683356, 211.79351219715022, 186.74212836700613], "val_mae_wrap_angle": [6.945364178685657, 6.683845748065581, 7.025707115715105, 7.293747732016462, 7.004744925525891, 7.816283309093157, 7.6986879637191, 7.065073699887341, 8.149219742331937, 7.265630804228249, 6.940652256404922, 7.3609777341649965, 7.0443774839994475, 6.86736149190485, 6.986401764624938, 6.619389822981243, 6.933676056072967, 6.811127697865451, 6.917936889827563, 6.8114732645765255, 6.801426672531556, 6.69799968842756, 6.7171096659135525, 6.606335033958513, 6.6990071636591715, 6.612040562451172, 6.7063901415431735, 6.7932707496428435, 6.781903972837172, 6.7511700045436625, 6.774320069428543, 7.327183708638931, 6.798840469108219, 6.9170313909247785, 6.803531522956311, 6.730230873585047, 6.9167029324048634, 7.076663750630746, 6.942735787291728, 6.915583446868117, 6.92151643486358, 7.459031416765942, 7.0491584711208475, 9.590579108497733, 7.536041380844962, 7.610175670577103, 10.332852005734152, 7.812543288954779, 7.535773681412429, 8.709764740103534, 9.035566926077305, 7.433716466351549, 19.464584339814465, 8.25005180998792, 10.349914718437235, 7.937179467389335, 7.972880367653262, 7.708286332924529, 7.325622739813812, 7.112631980057816, 7.161976929913752, 6.937256907000499, 6.99643434712239, 6.8475527048260565, 7.352853250064702, 7.047231513220654, 8.221202946636772, 7.24942371845744, 7.492479924351769, 7.581641023315114, 7.1499869561150495, 7.034062712343635, 7.464598604984998, 7.241721196395038, 7.55292019178817, 7.376946841141988, 7.286486536557394, 7.2676159642376525, 7.305576334336741, 8.481315835154074, 16.68694494160068, 10.977565027933892, 9.51902812935024, 8.261173005085116, 7.977932191997162, 7.788310272427838, 7.468083405589439, 8.280691039534798, 8.831929000045834, 7.495487746322686, 8.108754179912042, 7.9684903240682585, 7.42872160509824, 7.344986970542839, 7.3599745893647945, 7.827046241054124, 7.627978032364852, 7.8449078386634294, 8.517598777354898, 7.966190684118472], "loss": [221.2574473964716, 155.5526414140689, 173.82016259665895, 181.7225925430597, 161.0243650343153, 173.61219551335753, 186.37819660201728, 181.1049465318069, 162.7269059115142, 178.34804073079428, 164.2840631787668, 154.46904422814862, 166.06917842790193, 158.2899198239395, 150.5996087319368, 148.600114850412, 147.0778676079644, 161.99982848961525, 154.59249283614812, 150.94578399718043, 147.48128905551886, 146.76790308654387, 151.4961915113661, 146.5909725573172, 146.58220005090251, 145.9912926476173, 144.29718537673452, 160.98048128933377, 149.80601319276897, 146.5137621535756, 157.22658143107097, 178.74312467806948, 160.958324527915, 149.62084705287958, 157.3509182063084, 151.82812458950866, 154.8571701470668, 164.5477243083879, 164.82819745451485, 155.70762018759734, 158.0947425780452, 161.80662693317888, 168.3180843019174, 432.2889247328814, 195.7742672214882, 198.2005507720748, 434.58642153611527, 280.71749465483623, 174.30502125698914, 170.2312765109991, 198.57630497133343, 178.77934313386405, 983.1422975240471, 291.7829008192673, 321.15442185246087, 199.24428065959458, 196.0157505060333, 181.4995537532233, 172.52806276069592, 157.838587184532, 159.69682029873718, 155.35054189544877, 158.24794156721526, 166.57135376176024, 199.45435615709093, 160.40480886721144, 167.1837552749534, 172.58499720514834, 166.13575913173702, 171.6806012702892, 164.126838596718, 157.45082991496565, 166.56869739068722, 175.33058190419317, 169.24029596286348, 170.16226111398336, 165.35343742201064, 168.07272206744025, 173.36393868759254, 310.98134347514235, 1273.9244913866628, 3133.905129596386, 1132.2470843617557, 220.28220816379124, 192.8229765341765, 190.63987938455818, 176.04374999261992, 213.44070211472854, 204.54780154917597, 171.41798798305535, 169.0180566071155, 209.8755444728876, 189.3764297401578, 174.16269942559137, 172.27638232322144, 192.71266676161025, 187.77921328296537, 196.97002192279092, 197.36488330756293, 198.25690555009032], "mae_wrap_angle": [8.366737491645065, 6.886827025432213, 7.310280215593725, 7.516580952999639, 7.067818186404658, 7.335195661108478, 7.632959686865214, 7.512899054982304, 7.119399335375019, 7.4396096655527755, 7.149016834283966, 6.934541115555109, 7.198275174608417, 7.010270987329919, 6.82442782050488, 6.7653278511147095, 6.71188435199214, 7.062543415854959, 6.9228401651694105, 6.832741254357731, 6.764843326543671, 6.724630450554144, 6.808634885488772, 6.706734418607225, 6.717815510980444, 6.678726216509451, 6.643691102370717, 6.972324762194765, 6.756215574925242, 6.712876920662675, 6.945388431761, 7.448472364787182, 7.125842733221116, 6.814454590903388, 6.948030220156402, 6.841440283494837, 6.899826885485181, 7.186022737964306, 7.173184210746117, 6.963301980984756, 7.031530209871678, 7.115238419800802, 7.292503606497073, 10.406563740300196, 8.124230695400362, 8.00231810413934, 10.976718280131522, 9.453913493598987, 7.672777451259638, 7.4888560870800145, 8.120866206985673, 7.7593319004532555, 14.129012346666622, 9.597550305659475, 9.537681109359841, 8.231646885740991, 8.035085192773856, 7.806690881193074, 7.563316663006552, 7.19734283914753, 7.194140696855931, 7.068102191999847, 7.126607305975521, 7.232813287772385, 7.785648560255961, 7.23628618184258, 7.316677220649969, 7.549607138452966, 7.308153437321482, 7.41302110118492, 7.286122737149008, 7.100762240266488, 7.315179436091504, 7.496573310939315, 7.385276016397414, 7.352512220295426, 7.275287544001162, 7.322629502888598, 7.446940855973686, 9.170551458595625, 16.66919737727346, 32.35587204440746, 16.918385355556712, 8.791023902045357, 8.107594043794021, 7.947168931125815, 7.6236276354197585, 8.179249702204286, 8.051414480184418, 7.528502956789303, 7.372552269617716, 8.01486408072827, 7.851032400978936, 7.514448844473346, 7.489843429365968, 8.10485569917766, 7.939091690898721, 8.153831781811185, 8.18454917679581, 8.252551490135442]}